ID 	Seq
1	ACTTAAGCAACTTAAGCATGCTAGCATTGGCTAAGCTAACGTTAGATATATTTATTTATATATTAATGGA
2	CGTACAGAGATATAGAGCGTAAGAGGTAGCGATCGAGATAGTAATATGATAGGATATATATGACCTACTTATCAGCTA
3	CAGCCTCACTTCAGCCTCACTTGCATGAATATATATGGAATATATATGCTATCGAGCTATCAGCAT
4	GTTCGATCAGCTTCGAATATATATGATATTTCAGGTGAGATGTGATAGTCGATCAGCTTCGATCAGCTATCTATCTCTTGCGG
5	TCTAGTAACATTCTAATAACATCTATCTATCTTCATCTATTTCACAATATTATAATGAGGAAGATTATA
6	CGACTATCAGAAGACTATCAGATCGGCGATCCAATCGGACTTATCTATCTTCATCTATTACGGCATCTTCATCTATTACT
7	CTCAGCTAAGCACTCAGCTAAGGCAGCATCGATCTATCTTCATCTATTACTAGCGACTAGCATTATCATCG
8	TCATATCACTGATCATATCTGACGATCTACTTCATCTATTACTCTTCATCTATTACTGCGATTCGGAGCTATGCGAGCAT

